1,ReportPage,ProjectOverViewTab,xpath,//span[text()='Projects Overview']
2,ReportPage,ProjectOverViewLink,xpath,//a[contains(text(),'Projects Overview')]
2,ReportPage,clearFilter,xpath,//input[@value='Clear Filters']
5,ReportPage,projActivityField,xpath,//*[contains(text(),'Total Projects with Activity')]
6,ReportPage,projActivityValue1,xpath,//tr/td//*[contains(text(),'Total Projects with Activity')]/following::tr[2]//span[1][text()='8']
7,ReportPage,projActivityValue2,xpath,//tr/td//*[contains(text(),'Total Projects with Activity')]/following::tr[2]//span[3]//span[text()='1']
8,ReportPage,projCompletedField,xpath,//*[contains(text(),'Projects Completed')]
8,ReportPage,projCompletedValue1,xpath,//*[contains(text(),'Projects Completed')]/following::tr[1]//span[1][text()='2']
8,ReportPage,projCompletedValue2,xpath,//*[contains(text(),'Projects Completed')]/following::tr[1]//span[4]//span[text()='25%']
9,ReportPage,projDeliverdOntimeField,xpath,//*[contains(text(),'Projects Delivered On-Time')]
10,ReportPage,projDeliverdLateField,xpath,//*[contains(text(),'Projects Delivered Late')]
11,ReportPage,projInProgressField,xpath,//*[contains(text(),'In Progress')]
12,ReportPage,projOnTargetField,xpath,//*[contains(text(),'On Target')]
13,ReportPage,projComingDueField,xpath,//*[contains(text(),'Coming Due')]
14,ReportPage,projOverdueField,xpath,//*[contains(text(),'Overdue')]
15,ReportPage,metadataMandateMetadataCompleteField,xpath,//*[contains(text(),'Mandatory Metadata Complete')]
16,ReportPage,metadataHasProjStatusField,xpath,//*[contains(text(),'Has Project Status')]
17,ReportPage,metadataHasProjStDateField,xpath,//*[contains(text(),'Has Project Start Date')]
18,ReportPage,metadataHasProjTrgDateField,xpath,//*[contains(text(),'Has Project Target Date')]
19,ReportPage,researchUtilTrendsField,xpath,//*[contains(text(),'Projects per Researcher')]
6,ReportPage,totalProjectActivityVal1,xpath,//*[contains(text(),'Total Projects with Activity')]/following::tr//span[1]
7,ReportPage,totalProjectActivityVal2,xpath,//*[contains(text(),'Total Projects with Activity')]/following::tr//span[3]
7,ReportPage,fromDateCal,xpath,//*[@id='Lager_6']
7,ReportPage,toDateCal,xpath,//*[@id='Lager_6']/following::div//*[@id='Lager_6']
7,ReportPage,selectFromDate,xpath,//tr[@class='Week']/td[text()='5']
7,ReportPage,selectToDate,xpath,//tr[@class='Week']/td[text()='5']
6,ReportPage,projectsCompletedVal1,xpath,//*[contains(text(),'Projects Completed')]/following::tr//span[1]
6,ReportPage,deliveredOnTimeVal1,xpath,//*[contains(text(),'Projects Delivered On-Time')]/following::tr//span[1]
6,ReportPage,deliveredLateVal1,xpath,//*[contains(text(),'Projects Delivered Late')]/following::tr//span[1]
6,ReportPage,projectsInProgressVal,xpath,//*[contains(text(),'In Progress')]/following::tr//span[1]
6,ReportPage,projectsOnTargetVal,xpath,//*[contains(text(),'On Target')]/following::tr//span[1]
6,ReportPage,projectsComingDueVal,xpath,//*[contains(text(),'Coming Due')]/following::tr//span[1]
6,ReportPage,projectsOverdueVal,xpath,//*[contains(text(),'Overdue')]/following::tr//span[1]
6,ReportPage,mandatoryMetadataCompletedVal,xpath,//*[contains(text(),'Mandatory Metadata Compl')]/following::tr//span[1]
6,ReportPage,hasProjectStatusVal,xpath,//*[contains(text(),'Has Project Status')]/following::tr//span[1]
6,ReportPage,hasProjectStartDateVal,xpath,//*[contains(text(),'Has Project Start Date')]/following::tr//span[1]
6,ReportPage,hasProjectTargetDateVal,xpath,//*[contains(text(),'Has Project Target Date')]/following::tr//span[1]
6,ReportPage,projectsActiveWithin,xpath,//*[contains(text(),'Projects Active Within:')]  
6,ReportPage,requestorDept,xpath,//*[contains(text(),'Requestor Dept')]
6,ReportPage,Processing,xpath,//div[@title='Processing ... ']
6,ReportPage,cordsGroup,xpath,//*[contains(text(),'CORDS Group')]
6,ReportPage,cordsRole,xpath,//*[contains(text(),'CORDS Role')]
6,ReportPage,market,xpath,//*[contains(text(),'Market')]
6,ReportPage,therapeuticArea,xpath,//*[contains(text(),'Therapeutic Area')]
6,ReportPage,drugAsset,xpath,//*[contains(text(),'Drug Asset')]
6,ReportPage,verticalScrollLeft,xpath,//*[@id="id28"]/div/div[2]/div
6,ReportPage,researcherUtilTrend,xpath,//*[contains(text(),'Researcher Utilization Trend')]
6,ReportPage,projectsPerResearcher,xpath,//*[contains(text(),'Projects per Researcher')]
6,ReportPage,forDateHeading,xpath,//*[contains(text(),'Projects Overview')]/following::*[contains(text(),'for')]
6,ReportPage,comparedTo,xpath,//*[contains(text(),'compared to')]